event_id,op,source_updated_at,ingested_at,child_id,child_name,tenant_id,is_active
evt_child_0001,I,2026-05-01 08:02:00,2026-05-01 08:03:00,child_001,Child 001,genialcare,true
evt_child_0002,I,2026-05-01 08:04:00,2026-05-01 08:05:00,child_002,Child 002,genialcare,true
evt_child_0003,I,2026-05-01 08:06:00,2026-05-01 08:07:00,child_003,Child 003,genialcare,true
evt_child_0004,I,2026-05-01 08:08:00,2026-05-01 08:09:00,child_004,Child 004,genialcare,true
evt_child_0005,I,2026-05-01 08:10:00,2026-05-01 08:11:00,child_005,Child 005,genialcare,true
evt_child_0006,I,2026-05-01 08:12:00,2026-05-01 08:13:00,child_006,Child 006,genialcare,true
evt_child_0007,I,2026-05-01 08:14:00,2026-05-01 08:15:00,child_007,Child 007,genialcare,true
evt_child_0008,I,2026-05-01 08:16:00,2026-05-01 08:17:00,child_008,Child 008,genialcare,true
evt_child_0009,I,2026-05-01 08:18:00,2026-05-01 08:19:00,child_009,Child 009,genialcare,true
evt_child_0010,I,2026-05-01 08:20:00,2026-05-01 08:21:00,child_010,Child 010,genialcare,true
evt_child_0011,I,2026-05-01 08:22:00,2026-05-01 08:23:00,child_011,Child 011,genialcare,true
evt_child_0012,I,2026-05-01 08:24:00,2026-05-01 08:25:00,child_012,Child 012,genialcare,true
evt_child_0013,I,2026-05-01 08:26:00,2026-05-01 08:27:00,child_013,Child 013,genialcare,true
evt_child_0014,I,2026-05-01 08:28:00,2026-05-01 08:29:00,child_014,Child 014,genialcare,true
evt_child_0015,I,2026-05-01 08:30:00,2026-05-01 08:31:00,child_015,Child 015,genialcare,true
evt_child_0016,I,2026-05-01 08:32:00,2026-05-01 08:33:00,child_016,Child 016,genialcare,true
evt_child_0017,I,2026-05-01 08:34:00,2026-05-01 08:35:00,child_017,Child 017,genialcare,true
evt_child_0018,I,2026-05-01 08:36:00,2026-05-01 08:37:00,child_018,Child 018,genialcare,true
evt_child_0019,I,2026-05-01 08:38:00,2026-05-01 08:39:00,child_019,Child 019,genialcare,true
evt_child_0020,I,2026-05-01 08:40:00,2026-05-01 08:41:00,child_020,Child 020,genialcare,true
evt_child_0021,I,2026-05-01 08:42:00,2026-05-01 08:43:00,child_021,Child 021,genialcare,true
evt_child_0022,I,2026-05-01 08:44:00,2026-05-01 08:45:00,child_022,Child 022,genialcare,true
evt_child_0023,I,2026-05-01 08:46:00,2026-05-01 08:47:00,child_023,Child 023,genialcare,true
evt_child_0024,I,2026-05-01 08:48:00,2026-05-01 08:49:00,child_024,Child 024,genialcare,true
evt_child_0025,I,2026-05-01 08:50:00,2026-05-01 08:51:00,child_025,Child 025,genialcare,true
evt_child_0026,I,2026-05-01 08:52:00,2026-05-01 08:53:00,child_026,Child 026,genialcare,true
evt_child_0027,I,2026-05-01 08:54:00,2026-05-01 08:55:00,child_027,Child 027,genialcare,true
evt_child_0028,I,2026-05-01 08:56:00,2026-05-01 08:57:00,child_028,Child 028,genialcare,true
evt_child_0029,I,2026-05-01 08:58:00,2026-05-01 08:59:00,child_029,Child 029,genialcare,true
evt_child_0030,I,2026-05-01 09:00:00,2026-05-01 09:01:00,child_030,Child 030,genialcare,true
evt_child_0031,I,2026-05-01 09:02:00,2026-05-01 09:03:00,child_031,Child 031,genialcare,true
evt_child_0032,I,2026-05-01 09:04:00,2026-05-01 09:05:00,child_032,Child 032,genialcare,true
evt_child_0033,I,2026-05-01 09:06:00,2026-05-01 09:07:00,child_033,Child 033,genialcare,true
evt_child_0034,I,2026-05-01 09:08:00,2026-05-01 09:09:00,child_034,Child 034,genialcare,true
evt_child_0035,I,2026-05-01 09:10:00,2026-05-01 09:11:00,child_035,Child 035,genialcare,true
evt_child_0036,I,2026-05-01 09:12:00,2026-05-01 09:13:00,child_036,Child 036,genialcare,true
evt_child_0037,I,2026-05-01 09:14:00,2026-05-01 09:15:00,child_037,Child 037,genialcare,true
evt_child_0038,I,2026-05-01 09:16:00,2026-05-01 09:17:00,child_038,Child 038,genialcare,true
evt_child_0039,I,2026-05-01 09:18:00,2026-05-01 09:19:00,child_039,Child 039,genialcare,true
evt_child_0040,I,2026-05-01 09:20:00,2026-05-01 09:21:00,child_040,Child 040,genialcare,true
evt_child_0041,I,2026-05-01 09:22:00,2026-05-01 09:23:00,child_041,Child 041,genialcare,true
evt_child_0042,I,2026-05-01 09:24:00,2026-05-01 09:25:00,child_042,Child 042,genialcare,true
evt_child_0043,I,2026-05-01 09:26:00,2026-05-01 09:27:00,child_043,Child 043,genialcare,true
evt_child_0044,I,2026-05-01 09:28:00,2026-05-01 09:29:00,child_044,Child 044,genialcare,true
evt_child_0045,I,2026-05-01 09:30:00,2026-05-01 09:31:00,child_045,Child 045,genialcare,true
evt_child_0046,I,2026-05-01 09:32:00,2026-05-01 09:33:00,child_046,Child 046,genialcare,true
evt_child_0047,I,2026-05-01 09:34:00,2026-05-01 09:35:00,child_047,Child 047,genialcare,true
evt_child_0048,I,2026-05-01 09:36:00,2026-05-01 09:37:00,child_048,Child 048,genialcare,true
evt_child_0049,I,2026-05-01 09:38:00,2026-05-01 09:39:00,child_049,Child 049,genialcare,true
evt_child_0050,I,2026-05-01 09:40:00,2026-05-01 09:41:00,child_050,Child 050,genialcare,true
evt_child_0051,I,2026-05-01 09:42:00,2026-05-01 09:43:00,child_051,Child 051,genialcare,true
evt_child_0052,I,2026-05-01 09:44:00,2026-05-01 09:45:00,child_052,Child 052,genialcare,true
evt_child_0053,I,2026-05-01 09:46:00,2026-05-01 09:47:00,child_053,Child 053,genialcare,true
evt_child_0054,I,2026-05-01 09:48:00,2026-05-01 09:49:00,child_054,Child 054,genialcare,true
evt_child_0055,I,2026-05-01 09:50:00,2026-05-01 09:51:00,child_055,Child 055,genialcare,true
evt_child_0056,I,2026-05-01 09:52:00,2026-05-01 09:53:00,child_056,Child 056,genialcare,true
evt_child_0057,I,2026-05-01 09:54:00,2026-05-01 09:55:00,child_057,Child 057,genialcare,true
evt_child_0058,I,2026-05-01 09:56:00,2026-05-01 09:57:00,child_058,Child 058,genialcare,true
evt_child_0059,I,2026-05-01 09:58:00,2026-05-01 09:59:00,child_059,Child 059,genialcare,true
evt_child_0060,I,2026-05-01 10:00:00,2026-05-01 10:01:00,child_060,Child 060,genialcare,true
evt_child_0061,I,2026-05-01 10:02:00,2026-05-01 10:03:00,child_061,Child 061,genialcare,true
evt_child_0062,I,2026-05-01 10:04:00,2026-05-01 10:05:00,child_062,Child 062,genialcare,true
evt_child_0063,I,2026-05-01 10:06:00,2026-05-01 10:07:00,child_063,Child 063,genialcare,true
evt_child_0064,I,2026-05-01 10:08:00,2026-05-01 10:09:00,child_064,Child 064,genialcare,true
evt_child_0065,I,2026-05-01 10:10:00,2026-05-01 10:11:00,child_065,Child 065,genialcare,true
evt_child_0066,I,2026-05-01 10:12:00,2026-05-01 10:13:00,child_066,Child 066,genialcare,true
evt_child_0067,I,2026-05-01 10:14:00,2026-05-01 10:15:00,child_067,Child 067,genialcare,true
evt_child_0068,I,2026-05-01 10:16:00,2026-05-01 10:17:00,child_068,Child 068,genialcare,true
evt_child_0069,I,2026-05-01 10:18:00,2026-05-01 10:19:00,child_069,Child 069,genialcare,true
evt_child_0070,I,2026-05-01 10:20:00,2026-05-01 10:21:00,child_070,Child 070,genialcare,true
evt_child_0071,I,2026-05-01 10:22:00,2026-05-01 10:23:00,child_071,Child 071,genialcare,true
evt_child_0072,I,2026-05-01 10:24:00,2026-05-01 10:25:00,child_072,Child 072,genialcare,true
evt_child_0073,I,2026-05-01 10:26:00,2026-05-01 10:27:00,child_073,Child 073,genialcare,true
evt_child_0074,I,2026-05-01 10:28:00,2026-05-01 10:29:00,child_074,Child 074,genialcare,true
evt_child_0075,I,2026-05-01 10:30:00,2026-05-01 10:31:00,child_075,Child 075,genialcare,true
evt_child_0076,I,2026-05-01 10:32:00,2026-05-01 10:33:00,child_076,Child 076,genialcare,true
evt_child_0077,I,2026-05-01 10:34:00,2026-05-01 10:35:00,child_077,Child 077,genialcare,true
evt_child_0078,I,2026-05-01 10:36:00,2026-05-01 10:37:00,child_078,Child 078,genialcare,true
evt_child_0079,I,2026-05-01 10:38:00,2026-05-01 10:39:00,child_079,Child 079,genialcare,true
evt_child_0080,I,2026-05-01 10:40:00,2026-05-01 10:41:00,child_080,Child 080,genialcare,true
evt_child_1000,U,2026-05-02 00:40:00,2026-05-02 00:41:00,child_001,Child 001,genialcare,true
evt_child_1001,U,2026-05-02 00:41:00,2026-05-02 00:42:00,child_002,Child 002,genialcare,false
evt_child_1002,U,2026-05-02 00:42:00,2026-05-02 00:43:00,child_003,Child 003,genialcare,true
evt_child_1003,U,2026-05-02 00:43:00,2026-05-02 00:44:00,child_004,Child 004,genialcare,false
evt_child_1004,U,2026-05-02 00:44:00,2026-05-02 00:45:00,child_005,Child 005,genialcare,true
evt_child_1005,U,2026-05-02 00:45:00,2026-05-02 00:46:00,child_006,Child 006,genialcare,false
evt_child_1006,U,2026-05-02 00:46:00,2026-05-02 00:47:00,child_007,Child 007,genialcare,true
evt_child_1007,U,2026-05-02 00:47:00,2026-05-02 00:48:00,child_008,Child 008,genialcare,false
evt_child_1008,U,2026-05-02 00:48:00,2026-05-02 00:49:00,child_009,Child 009,genialcare,true
evt_child_1009,U,2026-05-02 00:49:00,2026-05-02 00:50:00,child_010,Child 010,genialcare,false
evt_child_1010,D,2026-05-02 00:50:00,2026-05-02 00:51:00,child_076,Child 076,genialcare,false
evt_child_1011,D,2026-05-02 00:51:00,2026-05-02 00:52:00,child_077,Child 077,genialcare,false
evt_child_1012,D,2026-05-02 00:52:00,2026-05-02 00:53:00,child_078,Child 078,genialcare,false
evt_child_1013,D,2026-05-02 00:53:00,2026-05-02 00:54:00,child_079,Child 079,genialcare,false
evt_child_1014,D,2026-05-02 00:54:00,2026-05-02 00:55:00,child_080,Child 080,genialcare,false
