event_id,op,source_updated_at,ingested_at,workload_id,child_id,discipline_id,valid_from,valid_to,prescribed_hours_per_week,status
evt_wl_00001,I,2026-05-03 10:02:00,2026-05-03 10:03:00,wl_0001,child_015,aba,2026-05-18,2026-06-17,4,draft
evt_wl_00002,I,2026-05-03 10:04:00,2026-05-03 10:05:00,wl_0002,child_014,psicoped,2026-05-06,2026-07-05,1,draft
evt_wl_00003,I,2026-05-03 10:06:00,2026-05-03 10:07:00,wl_0003,child_028,fono,2026-06-02,2026-06-22,12,draft
evt_wl_00004,I,2026-05-03 10:08:00,2026-05-03 10:09:00,wl_0004,child_070,psico,2026-05-15,2026-07-14,15,validated
evt_wl_00005,I,2026-05-03 10:10:00,2026-05-03 10:11:00,wl_0005,child_001,fono,2026-05-28,2026-07-12,5,draft
evt_wl_00006,I,2026-05-03 10:12:00,2026-05-03 10:13:00,wl_0006,child_044,aba,2026-05-06,2026-07-05,2,validated
evt_wl_00007,I,2026-05-03 10:14:00,2026-05-03 10:15:00,wl_0007,child_045,psicoped,2026-05-17,2026-06-06,10,validated
evt_wl_00008,I,2026-05-03 10:16:00,2026-05-03 10:17:00,wl_0008,child_049,aba,2026-06-05,2026-07-20,20,validated
evt_wl_00009,U,2026-05-03 10:18:00,2026-05-03 10:19:00,wl_0008,child_049,aba,2026-06-05,2026-07-20,20,validated
evt_wl_00010,I,2026-05-03 10:20:00,2026-05-03 10:21:00,wl_0009,child_074,fono,2026-05-05,2026-05-25,20,validated
evt_wl_00011,I,2026-05-03 10:22:00,2026-05-03 10:23:00,wl_0010,child_038,aba,2026-05-15,2026-06-04,8,validated
evt_wl_00012,I,2026-05-03 10:24:00,2026-05-03 10:25:00,wl_0011,child_047,fono,2026-05-24,2026-07-08,4,validated
evt_wl_00013,I,2026-05-03 10:26:00,2026-05-03 10:27:00,wl_0012,child_010,psicoped,2026-06-10,2026-07-10,12,validated
evt_wl_00014,I,2026-05-03 10:28:00,2026-05-03 10:29:00,wl_0013,child_021,psico,2026-05-25,2026-07-09,20,validated
evt_wl_00015,I,2026-05-03 10:30:00,2026-05-03 10:31:00,wl_0014,child_029,to,2026-05-04,2026-06-03,1,validated
evt_wl_00016,I,2026-05-03 10:32:00,2026-05-03 10:33:00,wl_0015,child_052,to,2026-05-05,2026-06-04,15,cancelled
evt_wl_00017,I,2026-05-03 10:34:00,2026-05-03 10:35:00,wl_0016,child_041,fono,2026-06-01,2026-07-31,20,validated
evt_wl_00018,U,2026-05-03 10:36:00,2026-05-03 10:37:00,wl_0016,child_041,fono,2026-06-01,2026-07-31,20,validated
evt_wl_00019,I,2026-05-03 10:38:00,2026-05-03 10:39:00,wl_0017,child_018,fono,2026-06-05,2026-07-20,15,validated
evt_wl_00020,I,2026-05-03 10:40:00,2026-05-03 10:41:00,wl_0018,child_075,psico,2026-05-24,2026-06-23,3,validated
evt_wl_00021,I,2026-05-03 10:42:00,2026-05-03 10:43:00,wl_0019,child_012,aba,2026-05-08,2026-06-07,20,draft
evt_wl_00022,I,2026-05-03 10:44:00,2026-05-03 10:45:00,wl_0020,child_055,psicoped,2026-05-05,2026-07-04,8,validated
evt_wl_00023,I,2026-05-03 10:46:00,2026-05-03 10:47:00,wl_0021,child_060,psicoped,2026-05-17,2026-06-06,20,validated
evt_wl_00024,I,2026-05-03 10:48:00,2026-05-03 10:49:00,wl_0022,child_069,to,2026-05-22,2026-06-11,5,validated
evt_wl_00025,I,2026-05-03 10:50:00,2026-05-03 10:51:00,wl_0023,child_059,aba,2026-05-17,2026-06-16,12,cancelled
evt_wl_00026,I,2026-05-03 10:52:00,2026-05-03 10:53:00,wl_0024,child_039,psicoped,2026-06-08,2026-07-08,3,validated
evt_wl_00027,U,2026-05-03 10:54:00,2026-05-03 10:55:00,wl_0024,child_039,psicoped,2026-06-08,2026-07-08,3,draft
evt_wl_00028,I,2026-05-03 10:56:00,2026-05-03 10:57:00,wl_0025,child_070,psicoped,2026-05-01,2026-06-15,10,draft
evt_wl_00029,I,2026-05-03 10:58:00,2026-05-03 10:59:00,wl_0026,child_047,to,2026-05-16,2026-06-05,4,cancelled
evt_wl_00030,I,2026-05-03 11:00:00,2026-05-03 11:01:00,wl_0027,child_011,aba,2026-06-01,2026-06-21,12,validated
evt_wl_00031,I,2026-05-03 11:02:00,2026-05-03 11:03:00,wl_0028,child_017,psico,2026-06-05,2026-07-05,5,validated
evt_wl_00032,I,2026-05-03 11:04:00,2026-05-03 11:05:00,wl_0029,child_078,psico,2026-05-14,2026-06-13,5,validated
evt_wl_00033,I,2026-05-03 11:06:00,2026-05-03 11:07:00,wl_0030,child_048,psico,2026-06-03,2026-08-02,2,validated
evt_wl_00034,I,2026-05-03 11:08:00,2026-05-03 11:09:00,wl_0031,child_009,to,2026-05-02,2026-06-01,15,validated
evt_wl_00035,I,2026-05-03 11:10:00,2026-05-03 11:11:00,wl_0032,child_010,aba,2026-05-15,2026-06-04,1,cancelled
evt_wl_00036,U,2026-05-03 11:12:00,2026-05-03 11:13:00,wl_0032,child_010,aba,2026-05-15,2026-06-04,1,draft
evt_wl_00037,I,2026-05-03 11:14:00,2026-05-03 11:15:00,wl_0033,child_066,fono,2026-05-18,2026-07-17,4,validated
evt_wl_00038,I,2026-05-03 11:16:00,2026-05-03 11:17:00,wl_0034,child_074,psicoped,2026-05-31,2026-06-30,10,validated
evt_wl_00039,I,2026-05-03 11:18:00,2026-05-03 11:19:00,wl_0035,child_025,aba,2026-05-07,2026-07-06,6,validated
evt_wl_00040,I,2026-05-03 11:20:00,2026-05-03 11:21:00,wl_0036,child_060,aba,2026-05-07,2026-05-27,8,validated
evt_wl_00041,I,2026-05-03 11:22:00,2026-05-03 11:23:00,wl_0037,child_014,fono,2026-05-13,2026-06-12,12,validated
evt_wl_00042,D,2026-05-03 11:24:00,2026-05-03 11:25:00,wl_0037,child_014,fono,2026-05-13,2026-06-12,12,cancelled
evt_wl_00043,I,2026-05-03 11:26:00,2026-05-03 11:27:00,wl_0038,child_055,fono,2026-05-18,2026-07-17,4,cancelled
evt_wl_00044,I,2026-05-03 11:28:00,2026-05-03 11:29:00,wl_0039,child_010,psico,2026-06-05,2026-06-25,1,validated
evt_wl_00045,I,2026-05-03 11:30:00,2026-05-03 11:31:00,wl_0040,child_070,aba,2026-05-06,2026-06-05,3,validated
evt_wl_00046,U,2026-05-03 11:32:00,2026-05-03 11:33:00,wl_0040,child_070,aba,2026-05-06,2026-06-05,3,validated
evt_wl_00047,I,2026-05-03 11:34:00,2026-05-03 11:35:00,wl_0041,child_028,psico,2026-05-04,2026-06-03,8,draft
evt_wl_00048,I,2026-05-03 11:36:00,2026-05-03 11:37:00,wl_0042,child_050,to,2026-05-30,2026-07-14,8,validated
evt_wl_00049,I,2026-05-03 11:38:00,2026-05-03 11:39:00,wl_0043,child_072,psico,2026-05-10,2026-06-09,5,validated
evt_wl_00050,I,2026-05-03 11:40:00,2026-05-03 11:41:00,wl_0044,child_008,psicoped,2026-06-04,2026-06-24,6,draft
evt_wl_00051,I,2026-05-03 11:42:00,2026-05-03 11:43:00,wl_0045,child_075,psico,2026-06-02,2026-07-02,1,cancelled
evt_wl_00052,I,2026-05-03 11:44:00,2026-05-03 11:45:00,wl_0046,child_011,fono,2026-05-05,2026-05-25,20,cancelled
evt_wl_00053,I,2026-05-03 11:46:00,2026-05-03 11:47:00,wl_0047,child_052,aba,2026-06-06,2026-07-06,15,validated
evt_wl_00054,I,2026-05-03 11:48:00,2026-05-03 11:49:00,wl_0048,child_080,aba,2026-05-27,2026-07-11,5,validated
evt_wl_00055,U,2026-05-03 11:50:00,2026-05-03 11:51:00,wl_0048,child_080,aba,2026-05-27,2026-07-11,5,cancelled
evt_wl_00056,I,2026-05-03 11:52:00,2026-05-03 11:53:00,wl_0049,child_041,fono,2026-05-17,2026-07-16,3,validated
evt_wl_00057,I,2026-05-03 11:54:00,2026-05-03 11:55:00,wl_0050,child_039,psico,2026-05-21,2026-06-10,1,validated
evt_wl_00058,I,2026-05-03 11:56:00,2026-05-03 11:57:00,wl_0051,child_073,aba,2026-05-05,2026-06-04,12,validated
evt_wl_00059,I,2026-05-03 11:58:00,2026-05-03 11:59:00,wl_0052,child_045,aba,2026-05-16,2026-06-30,5,draft
evt_wl_00060,I,2026-05-03 12:00:00,2026-05-03 12:01:00,wl_0053,child_070,to,2026-06-09,2026-06-29,20,validated
evt_wl_00061,I,2026-05-03 12:02:00,2026-05-03 12:03:00,wl_0054,child_039,aba,2026-05-09,2026-06-23,2,cancelled
evt_wl_00062,I,2026-05-03 12:04:00,2026-05-03 12:05:00,wl_0055,child_071,fono,2026-05-18,2026-07-02,15,validated
evt_wl_00063,I,2026-05-03 12:06:00,2026-05-03 12:07:00,wl_0056,child_044,fono,2026-06-10,2026-07-25,12,validated
evt_wl_00064,U,2026-05-03 12:08:00,2026-05-03 12:09:00,wl_0056,child_044,fono,2026-06-10,2026-07-25,12,draft
evt_wl_00065,I,2026-05-03 12:10:00,2026-05-03 12:11:00,wl_0057,child_012,psico,2026-05-18,2026-06-07,1,validated
evt_wl_00066,I,2026-05-03 12:12:00,2026-05-03 12:13:00,wl_0058,child_017,to,2026-05-11,2026-07-10,12,validated
evt_wl_00067,I,2026-05-03 12:14:00,2026-05-03 12:15:00,wl_0059,child_072,aba,2026-05-08,2026-05-28,3,validated
evt_wl_00068,I,2026-05-03 12:16:00,2026-05-03 12:17:00,wl_0060,child_048,psicoped,2026-06-05,2026-07-05,8,draft
evt_wl_00069,I,2026-05-03 12:18:00,2026-05-03 12:19:00,wl_0061,child_040,to,2026-05-03,2026-06-17,4,validated
evt_wl_00070,I,2026-05-03 12:20:00,2026-05-03 12:21:00,wl_0062,child_014,to,2026-06-05,2026-08-04,15,validated
evt_wl_00071,I,2026-05-03 12:22:00,2026-05-03 12:23:00,wl_0063,child_031,fono,2026-05-12,2026-07-11,1,draft
evt_wl_00072,I,2026-05-03 12:24:00,2026-05-03 12:25:00,wl_0064,child_043,psico,2026-05-16,2026-06-30,3,validated
evt_wl_00073,U,2026-05-03 12:26:00,2026-05-03 12:27:00,wl_0064,child_043,psico,2026-05-16,2026-06-30,3,draft
evt_wl_00074,I,2026-05-03 12:28:00,2026-05-03 12:29:00,wl_0065,child_049,aba,2026-05-31,2026-06-30,4,validated
evt_wl_00075,I,2026-05-03 12:30:00,2026-05-03 12:31:00,wl_0066,child_059,to,2026-05-20,2026-06-19,4,draft
evt_wl_00076,I,2026-05-03 12:32:00,2026-05-03 12:33:00,wl_0067,child_025,psico,2026-05-22,2026-07-06,2,cancelled
evt_wl_00077,I,2026-05-03 12:34:00,2026-05-03 12:35:00,wl_0068,child_036,to,2026-06-02,2026-08-01,20,cancelled
evt_wl_00078,I,2026-05-03 12:36:00,2026-05-03 12:37:00,wl_0069,child_069,to,2026-05-02,2026-05-22,5,draft
evt_wl_00079,I,2026-05-03 12:38:00,2026-05-03 12:39:00,wl_0070,child_034,aba,2026-05-07,2026-07-06,6,validated
evt_wl_00080,I,2026-05-03 12:40:00,2026-05-03 12:41:00,wl_0071,child_041,psico,2026-06-08,2026-06-28,8,cancelled
evt_wl_00081,I,2026-05-03 12:42:00,2026-05-03 12:43:00,wl_0072,child_025,to,2026-05-03,2026-07-02,1,validated
evt_wl_00082,U,2026-05-03 12:44:00,2026-05-03 12:45:00,wl_0072,child_025,to,2026-05-03,2026-07-02,1,cancelled
evt_wl_00083,I,2026-05-03 12:46:00,2026-05-03 12:47:00,wl_0073,child_026,to,2026-05-28,2026-06-17,20,cancelled
evt_wl_00084,I,2026-05-03 12:48:00,2026-05-03 12:49:00,wl_0074,child_080,to,2026-05-08,2026-06-22,12,validated
evt_wl_00085,D,2026-05-03 12:50:00,2026-05-03 12:51:00,wl_0074,child_080,to,2026-05-08,2026-06-22,12,cancelled
evt_wl_00086,I,2026-05-03 12:52:00,2026-05-03 12:53:00,wl_0075,child_053,to,2026-05-26,2026-07-10,12,draft
evt_wl_00087,I,2026-05-03 12:54:00,2026-05-03 12:55:00,wl_0076,child_054,psico,2026-05-12,2026-06-26,8,validated
evt_wl_00088,I,2026-05-03 12:56:00,2026-05-03 12:57:00,wl_0077,child_001,to,2026-05-19,2026-06-18,8,validated
evt_wl_00089,I,2026-05-03 12:58:00,2026-05-03 12:59:00,wl_0078,child_078,to,2026-05-30,2026-07-29,10,validated
evt_wl_00090,I,2026-05-03 13:00:00,2026-05-03 13:01:00,wl_0079,child_066,psico,2026-05-11,2026-05-31,5,validated
evt_wl_00091,I,2026-05-03 13:02:00,2026-05-03 13:03:00,wl_0080,child_080,to,2026-05-06,2026-06-05,20,validated
evt_wl_00092,U,2026-05-03 13:04:00,2026-05-03 13:05:00,wl_0080,child_080,to,2026-05-06,2026-06-05,20,draft
evt_wl_00093,I,2026-05-03 13:06:00,2026-05-03 13:07:00,wl_0081,child_019,aba,2026-05-03,2026-06-02,10,validated
evt_wl_00094,I,2026-05-03 13:08:00,2026-05-03 13:09:00,wl_0082,child_010,psico,2026-05-27,2026-06-26,8,validated
evt_wl_00095,I,2026-05-03 13:10:00,2026-05-03 13:11:00,wl_0083,child_032,fono,2026-05-01,2026-05-21,8,validated
evt_wl_00096,I,2026-05-03 13:12:00,2026-05-03 13:13:00,wl_0084,child_067,psico,2026-05-04,2026-06-03,2,validated
evt_wl_00097,I,2026-05-03 13:14:00,2026-05-03 13:15:00,wl_0085,child_060,psicoped,2026-06-05,2026-07-20,10,validated
evt_wl_00098,I,2026-05-03 13:16:00,2026-05-03 13:17:00,wl_0086,child_065,psico,2026-06-05,2026-08-04,3,validated
evt_wl_00099,I,2026-05-03 13:18:00,2026-05-03 13:19:00,wl_0087,child_061,psico,2026-05-17,2026-06-16,20,validated
evt_wl_00100,I,2026-05-03 13:20:00,2026-05-03 13:21:00,wl_0088,child_067,psico,2026-06-10,2026-07-10,5,validated
evt_wl_00101,U,2026-05-03 13:22:00,2026-05-03 13:23:00,wl_0088,child_067,psico,2026-06-10,2026-07-10,5,cancelled
evt_wl_00102,I,2026-05-03 13:24:00,2026-05-03 13:25:00,wl_0089,child_037,fono,2026-05-18,2026-07-02,6,cancelled
evt_wl_00103,I,2026-05-03 13:26:00,2026-05-03 13:27:00,wl_0090,child_011,fono,2026-05-10,2026-06-09,8,validated
evt_wl_00104,I,2026-05-03 13:28:00,2026-05-03 13:29:00,wl_0091,child_028,aba,2026-05-27,2026-07-26,6,validated
evt_wl_00105,I,2026-05-03 13:30:00,2026-05-03 13:31:00,wl_0092,child_054,aba,2026-05-14,2026-07-13,8,cancelled
evt_wl_00106,I,2026-05-03 13:32:00,2026-05-03 13:33:00,wl_0093,child_075,aba,2026-06-06,2026-08-05,10,draft
evt_wl_00107,I,2026-05-03 13:34:00,2026-05-03 13:35:00,wl_0094,child_046,to,2026-05-25,2026-07-24,12,validated
evt_wl_00108,I,2026-05-03 13:36:00,2026-05-03 13:37:00,wl_0095,child_070,psicoped,2026-05-15,2026-07-14,4,validated
evt_wl_00109,I,2026-05-03 13:38:00,2026-05-03 13:39:00,wl_0096,child_063,aba,2026-05-25,2026-07-09,20,validated
evt_wl_00110,U,2026-05-03 13:40:00,2026-05-03 13:41:00,wl_0096,child_063,aba,2026-05-25,2026-07-09,20,validated
evt_wl_00111,I,2026-05-03 13:42:00,2026-05-03 13:43:00,wl_0097,child_022,psico,2026-05-09,2026-05-29,8,validated
evt_wl_00112,I,2026-05-03 13:44:00,2026-05-03 13:45:00,wl_0098,child_004,aba,2026-05-28,2026-06-27,10,draft
evt_wl_00113,I,2026-05-03 13:46:00,2026-05-03 13:47:00,wl_0099,child_034,psico,2026-05-21,2026-06-20,10,validated
evt_wl_00114,I,2026-05-03 13:48:00,2026-05-03 13:49:00,wl_0100,child_049,to,2026-05-27,2026-07-11,2,validated
evt_wl_00115,I,2026-05-03 13:50:00,2026-05-03 13:51:00,wl_0101,child_070,aba,2026-05-23,2026-06-22,20,draft
evt_wl_00116,I,2026-05-03 13:52:00,2026-05-03 13:53:00,wl_0102,child_006,aba,2026-05-16,2026-06-15,1,validated
evt_wl_00117,I,2026-05-03 13:54:00,2026-05-03 13:55:00,wl_0103,child_031,fono,2026-05-31,2026-06-20,15,cancelled
evt_wl_00118,I,2026-05-03 13:56:00,2026-05-03 13:57:00,wl_0104,child_060,to,2026-05-24,2026-06-23,15,validated
evt_wl_00119,U,2026-05-03 13:58:00,2026-05-03 13:59:00,wl_0104,child_060,to,2026-05-24,2026-06-23,15,cancelled
evt_wl_00120,I,2026-05-03 14:00:00,2026-05-03 14:01:00,wl_0105,child_015,fono,2026-05-20,2026-06-09,15,draft
evt_wl_00121,I,2026-05-03 14:02:00,2026-05-03 14:03:00,wl_0106,child_040,psicoped,2026-05-25,2026-07-24,4,draft
evt_wl_00122,I,2026-05-03 14:04:00,2026-05-03 14:05:00,wl_0107,child_032,aba,2026-05-20,2026-06-09,15,validated
evt_wl_00123,I,2026-05-03 14:06:00,2026-05-03 14:07:00,wl_0108,child_045,psicoped,2026-05-28,2026-07-12,2,validated
evt_wl_00124,I,2026-05-03 14:08:00,2026-05-03 14:09:00,wl_0109,child_044,aba,2026-05-27,2026-07-26,2,validated
evt_wl_00125,I,2026-05-03 14:10:00,2026-05-03 14:11:00,wl_0110,child_047,psico,2026-05-10,2026-07-09,3,validated
evt_wl_00126,I,2026-05-03 14:12:00,2026-05-03 14:13:00,wl_0111,child_035,psicoped,2026-06-04,2026-08-03,10,validated
evt_wl_00127,D,2026-05-03 14:14:00,2026-05-03 14:15:00,wl_0111,child_035,psicoped,2026-06-04,2026-08-03,10,cancelled
evt_wl_00128,I,2026-05-03 14:16:00,2026-05-03 14:17:00,wl_0112,child_076,to,2026-05-21,2026-06-20,2,validated
evt_wl_00129,U,2026-05-03 14:18:00,2026-05-03 14:19:00,wl_0112,child_076,to,2026-05-21,2026-06-20,2,validated
evt_wl_00130,I,2026-05-03 14:20:00,2026-05-03 14:21:00,wl_0113,child_032,psico,2026-06-06,2026-08-05,6,draft
evt_wl_00131,I,2026-05-03 14:22:00,2026-05-03 14:23:00,wl_0114,child_042,fono,2026-06-01,2026-07-01,6,validated
evt_wl_00132,I,2026-05-03 14:24:00,2026-05-03 14:25:00,wl_0115,child_044,to,2026-06-08,2026-07-23,12,draft
evt_wl_00133,I,2026-05-03 14:26:00,2026-05-03 14:27:00,wl_0116,child_025,aba,2026-05-16,2026-07-15,10,validated
evt_wl_00134,I,2026-05-03 14:28:00,2026-05-03 14:29:00,wl_0117,child_031,psico,2026-06-01,2026-07-31,1,draft
evt_wl_00135,I,2026-05-03 14:30:00,2026-05-03 14:31:00,wl_0118,child_029,psico,2026-05-16,2026-06-30,20,validated
evt_wl_00136,I,2026-05-03 14:32:00,2026-05-03 14:33:00,wl_0119,child_061,psicoped,2026-06-03,2026-07-18,8,cancelled
evt_wl_00137,I,2026-05-03 14:34:00,2026-05-03 14:35:00,wl_0120,child_071,to,2026-05-23,2026-07-22,5,validated
evt_wl_00138,U,2026-05-03 14:36:00,2026-05-03 14:37:00,wl_0120,child_071,to,2026-05-23,2026-07-22,5,draft
evt_wl_00139,I,2026-05-03 14:38:00,2026-05-03 14:39:00,wl_0121,child_016,fono,2026-05-21,2026-06-10,12,cancelled
evt_wl_00140,I,2026-05-03 14:40:00,2026-05-03 14:41:00,wl_0122,child_024,fono,2026-05-14,2026-07-13,5,validated
evt_wl_00141,I,2026-05-03 14:42:00,2026-05-03 14:43:00,wl_0123,child_068,psicoped,2026-05-19,2026-06-08,4,validated
evt_wl_00142,I,2026-05-03 14:44:00,2026-05-03 14:45:00,wl_0124,child_047,fono,2026-05-20,2026-06-09,12,draft
evt_wl_00143,I,2026-05-03 14:46:00,2026-05-03 14:47:00,wl_0125,child_006,aba,2026-06-05,2026-07-20,3,validated
evt_wl_00144,I,2026-05-03 14:48:00,2026-05-03 14:49:00,wl_0126,child_063,aba,2026-05-01,2026-06-15,10,validated
evt_wl_00145,I,2026-05-03 14:50:00,2026-05-03 14:51:00,wl_0127,child_044,fono,2026-05-04,2026-06-18,10,draft
evt_wl_00146,I,2026-05-03 14:52:00,2026-05-03 14:53:00,wl_0128,child_009,psico,2026-06-01,2026-06-21,15,validated
evt_wl_00147,U,2026-05-03 14:54:00,2026-05-03 14:55:00,wl_0128,child_009,psico,2026-06-01,2026-06-21,15,draft
evt_wl_00148,I,2026-05-03 14:56:00,2026-05-03 14:57:00,wl_0129,child_020,fono,2026-06-06,2026-07-21,2,cancelled
evt_wl_00149,I,2026-05-03 14:58:00,2026-05-03 14:59:00,wl_0130,child_016,psicoped,2026-05-27,2026-06-26,12,validated
evt_wl_00150,I,2026-05-03 15:00:00,2026-05-03 15:01:00,wl_0131,child_057,to,2026-06-07,2026-08-06,5,validated
evt_wl_00151,I,2026-05-03 15:02:00,2026-05-03 15:03:00,wl_0132,child_008,psicoped,2026-05-07,2026-06-06,20,validated
evt_wl_00152,I,2026-05-03 15:04:00,2026-05-03 15:05:00,wl_0133,child_011,fono,2026-05-16,2026-06-15,12,draft
evt_wl_00153,I,2026-05-03 15:06:00,2026-05-03 15:07:00,wl_0134,child_001,psico,2026-05-29,2026-07-28,5,draft
evt_wl_00154,I,2026-05-03 15:08:00,2026-05-03 15:09:00,wl_0135,child_037,to,2026-05-30,2026-06-19,20,validated
evt_wl_00155,I,2026-05-03 15:10:00,2026-05-03 15:11:00,wl_0136,child_034,psicoped,2026-05-13,2026-07-12,2,validated
evt_wl_00156,U,2026-05-03 15:12:00,2026-05-03 15:13:00,wl_0136,child_034,psicoped,2026-05-13,2026-07-12,2,cancelled
evt_wl_00157,I,2026-05-03 15:14:00,2026-05-03 15:15:00,wl_0137,child_020,to,2026-05-10,2026-05-30,1,draft
evt_wl_00158,I,2026-05-03 15:16:00,2026-05-03 15:17:00,wl_0138,child_040,psicoped,2026-06-06,2026-07-21,10,draft
evt_wl_00159,I,2026-05-03 15:18:00,2026-05-03 15:19:00,wl_0139,child_039,psico,2026-05-18,2026-07-17,10,draft
evt_wl_00160,I,2026-05-03 15:20:00,2026-05-03 15:21:00,wl_0140,child_006,psico,2026-05-21,2026-07-05,1,draft
evt_wl_00161,I,2026-05-03 15:22:00,2026-05-03 15:23:00,wl_0141,child_074,psicoped,2026-05-02,2026-06-16,15,draft
evt_wl_00162,I,2026-05-03 15:24:00,2026-05-03 15:25:00,wl_0142,child_023,psico,2026-06-03,2026-08-02,5,draft
evt_wl_00163,I,2026-05-03 15:26:00,2026-05-03 15:27:00,wl_0143,child_075,psico,2026-06-10,2026-08-09,2,validated
evt_wl_00164,I,2026-05-03 15:28:00,2026-05-03 15:29:00,wl_0144,child_053,to,2026-05-21,2026-06-10,3,validated
evt_wl_00165,U,2026-05-03 15:30:00,2026-05-03 15:31:00,wl_0144,child_053,to,2026-05-21,2026-06-10,3,cancelled
evt_wl_00166,I,2026-05-03 15:32:00,2026-05-03 15:33:00,wl_0145,child_064,to,2026-05-26,2026-06-15,10,draft
evt_wl_00167,I,2026-05-03 15:34:00,2026-05-03 15:35:00,wl_0146,child_033,to,2026-05-08,2026-07-07,12,validated
evt_wl_00168,I,2026-05-03 15:36:00,2026-05-03 15:37:00,wl_0147,child_001,psicoped,2026-05-30,2026-07-29,1,draft
evt_wl_00169,I,2026-05-03 15:38:00,2026-05-03 15:39:00,wl_0148,child_047,psicoped,2026-06-01,2026-07-31,1,validated
evt_wl_00170,D,2026-05-03 15:40:00,2026-05-03 15:41:00,wl_0148,child_047,psicoped,2026-06-01,2026-07-31,1,cancelled
evt_wl_00171,I,2026-05-03 15:42:00,2026-05-03 15:43:00,wl_0149,child_071,fono,2026-05-19,2026-07-18,10,draft
evt_wl_00172,I,2026-05-03 15:44:00,2026-05-03 15:45:00,wl_0150,child_078,fono,2026-05-11,2026-06-25,12,draft
evt_wl_00173,I,2026-05-03 15:46:00,2026-05-03 15:47:00,wl_0151,child_053,aba,2026-05-15,2026-06-04,10,cancelled
evt_wl_00174,I,2026-05-03 15:48:00,2026-05-03 15:49:00,wl_0152,child_020,psico,2026-05-19,2026-07-03,8,validated
evt_wl_00175,U,2026-05-03 15:50:00,2026-05-03 15:51:00,wl_0152,child_020,psico,2026-05-19,2026-07-03,8,validated
evt_wl_00176,I,2026-05-03 15:52:00,2026-05-03 15:53:00,wl_0153,child_032,psico,2026-06-05,2026-07-05,8,draft
evt_wl_00177,I,2026-05-03 15:54:00,2026-05-03 15:55:00,wl_0154,child_077,psicoped,2026-05-09,2026-05-29,5,validated
evt_wl_00178,I,2026-05-03 15:56:00,2026-05-03 15:57:00,wl_0155,child_054,to,2026-06-02,2026-07-17,1,validated
evt_wl_00179,I,2026-05-03 15:58:00,2026-05-03 15:59:00,wl_0156,child_039,psicoped,2026-06-07,2026-08-06,3,validated
evt_wl_00180,I,2026-05-03 16:00:00,2026-05-03 16:01:00,wl_0157,child_062,to,2026-05-22,2026-07-21,10,cancelled
evt_wl_00181,I,2026-05-03 16:02:00,2026-05-03 16:03:00,wl_0158,child_025,fono,2026-06-06,2026-08-05,4,cancelled
evt_wl_00182,I,2026-05-03 16:04:00,2026-05-03 16:05:00,wl_0159,child_053,aba,2026-05-21,2026-07-20,8,validated
evt_wl_00183,I,2026-05-03 16:06:00,2026-05-03 16:07:00,wl_0160,child_020,psico,2026-05-03,2026-06-02,12,cancelled
evt_wl_00184,U,2026-05-03 16:08:00,2026-05-03 16:09:00,wl_0160,child_020,psico,2026-05-03,2026-06-02,12,validated
evt_wl_00185,I,2026-05-03 16:10:00,2026-05-03 16:11:00,wl_0161,child_013,psico,2026-05-07,2026-07-06,1,validated
evt_wl_00186,I,2026-05-03 16:12:00,2026-05-03 16:13:00,wl_0162,child_053,fono,2026-05-05,2026-07-04,5,validated
evt_wl_00187,I,2026-05-03 16:14:00,2026-05-03 16:15:00,wl_0163,child_051,aba,2026-05-22,2026-07-21,6,validated
evt_wl_00188,I,2026-05-03 16:16:00,2026-05-03 16:17:00,wl_0164,child_063,psicoped,2026-05-03,2026-05-23,4,validated
evt_wl_00189,I,2026-05-03 16:18:00,2026-05-03 16:19:00,wl_0165,child_037,fono,2026-05-06,2026-07-05,2,validated
evt_wl_00190,I,2026-05-03 16:20:00,2026-05-03 16:21:00,wl_0166,child_013,psico,2026-05-11,2026-06-25,1,draft
evt_wl_00191,I,2026-05-03 16:22:00,2026-05-03 16:23:00,wl_0167,child_008,to,2026-05-23,2026-07-07,8,draft
evt_wl_00192,I,2026-05-03 16:24:00,2026-05-03 16:25:00,wl_0168,child_068,psico,2026-06-06,2026-07-06,3,draft
evt_wl_00193,U,2026-05-03 16:26:00,2026-05-03 16:27:00,wl_0168,child_068,psico,2026-06-06,2026-07-06,3,cancelled
evt_wl_00194,I,2026-05-03 16:28:00,2026-05-03 16:29:00,wl_0169,child_049,psicoped,2026-05-16,2026-07-15,15,draft
evt_wl_00195,I,2026-05-03 16:30:00,2026-05-03 16:31:00,wl_0170,child_060,to,2026-05-30,2026-07-14,20,draft
evt_wl_00196,I,2026-05-03 16:32:00,2026-05-03 16:33:00,wl_0171,child_060,to,2026-06-04,2026-07-04,2,validated
evt_wl_00197,I,2026-05-03 16:34:00,2026-05-03 16:35:00,wl_0172,child_045,psicoped,2026-05-20,2026-07-19,5,validated
evt_wl_00198,I,2026-05-03 16:36:00,2026-05-03 16:37:00,wl_0173,child_039,fono,2026-05-25,2026-07-24,2,validated
evt_wl_00199,I,2026-05-03 16:38:00,2026-05-03 16:39:00,wl_0174,child_074,to,2026-06-06,2026-07-21,5,draft
evt_wl_00200,I,2026-05-03 16:40:00,2026-05-03 16:41:00,wl_0175,child_051,to,2026-05-01,2026-05-21,15,validated
evt_wl_00201,I,2026-05-03 16:42:00,2026-05-03 16:43:00,wl_0176,child_037,fono,2026-06-08,2026-07-23,4,validated
evt_wl_00202,U,2026-05-03 16:44:00,2026-05-03 16:45:00,wl_0176,child_037,fono,2026-06-08,2026-07-23,4,cancelled
evt_wl_00203,I,2026-05-03 16:46:00,2026-05-03 16:47:00,wl_0177,child_033,fono,2026-06-10,2026-06-30,20,validated
evt_wl_00204,I,2026-05-03 16:48:00,2026-05-03 16:49:00,wl_0178,child_040,psico,2026-05-03,2026-06-17,3,draft
evt_wl_00205,I,2026-05-03 16:50:00,2026-05-03 16:51:00,wl_0179,child_038,to,2026-05-27,2026-06-26,4,draft
evt_wl_00206,I,2026-05-03 16:52:00,2026-05-03 16:53:00,wl_0180,child_070,to,2026-06-03,2026-07-18,3,validated
evt_wl_00207,I,2026-05-03 16:54:00,2026-05-03 16:55:00,wl_0181,child_062,to,2026-05-22,2026-06-11,10,cancelled
evt_wl_00208,I,2026-05-03 16:56:00,2026-05-03 16:57:00,wl_0182,child_019,fono,2026-05-26,2026-07-10,2,validated
evt_wl_00209,I,2026-05-03 16:58:00,2026-05-03 16:59:00,wl_0183,child_002,to,2026-06-04,2026-06-24,10,validated
evt_wl_00210,I,2026-05-03 17:00:00,2026-05-03 17:01:00,wl_0184,child_034,psicoped,2026-05-25,2026-07-09,2,validated
evt_wl_00211,U,2026-05-03 17:02:00,2026-05-03 17:03:00,wl_0184,child_034,psicoped,2026-05-25,2026-07-09,2,validated
evt_wl_00212,I,2026-05-03 17:04:00,2026-05-03 17:05:00,wl_0185,child_004,psicoped,2026-06-05,2026-07-20,15,validated
evt_wl_00213,D,2026-05-03 17:06:00,2026-05-03 17:07:00,wl_0185,child_004,psicoped,2026-06-05,2026-07-20,15,cancelled
evt_wl_00214,I,2026-05-03 17:08:00,2026-05-03 17:09:00,wl_0186,child_009,psico,2026-05-20,2026-07-19,2,draft
evt_wl_00215,I,2026-05-03 17:10:00,2026-05-03 17:11:00,wl_0187,child_005,to,2026-06-01,2026-06-21,2,validated
evt_wl_00216,I,2026-05-03 17:12:00,2026-05-03 17:13:00,wl_0188,child_069,fono,2026-05-25,2026-07-24,6,validated
evt_wl_00217,I,2026-05-03 17:14:00,2026-05-03 17:15:00,wl_0189,child_070,psico,2026-06-07,2026-07-07,8,validated
evt_wl_00218,I,2026-05-03 17:16:00,2026-05-03 17:17:00,wl_0190,child_063,psicoped,2026-05-27,2026-07-11,1,validated
evt_wl_00219,I,2026-05-03 17:18:00,2026-05-03 17:19:00,wl_0191,child_028,psico,2026-05-29,2026-06-28,6,draft
evt_wl_00220,I,2026-05-03 17:20:00,2026-05-03 17:21:00,wl_0192,child_048,psicoped,2026-05-23,2026-06-12,8,validated
evt_wl_00221,U,2026-05-03 17:22:00,2026-05-03 17:23:00,wl_0192,child_048,psicoped,2026-05-23,2026-06-12,8,draft
evt_wl_00222,I,2026-05-03 17:24:00,2026-05-03 17:25:00,wl_0193,child_059,aba,2026-05-14,2026-06-03,1,validated
evt_wl_00223,I,2026-05-03 17:26:00,2026-05-03 17:27:00,wl_0194,child_032,fono,2026-06-06,2026-07-06,2,validated
evt_wl_00224,I,2026-05-03 17:28:00,2026-05-03 17:29:00,wl_0195,child_071,fono,2026-06-07,2026-07-07,4,validated
evt_wl_00225,I,2026-05-03 17:30:00,2026-05-03 17:31:00,wl_0196,child_019,psicoped,2026-05-01,2026-06-15,3,cancelled
evt_wl_00226,I,2026-05-03 17:32:00,2026-05-03 17:33:00,wl_0197,child_070,to,2026-05-12,2026-06-01,20,cancelled
evt_wl_00227,I,2026-05-03 17:34:00,2026-05-03 17:35:00,wl_0198,child_017,aba,2026-05-23,2026-06-22,15,validated
evt_wl_00228,I,2026-05-03 17:36:00,2026-05-03 17:37:00,wl_0199,child_023,to,2026-05-04,2026-06-03,8,validated
evt_wl_00229,I,2026-05-03 17:38:00,2026-05-03 17:39:00,wl_0200,child_009,psico,2026-05-29,2026-07-13,12,validated
evt_wl_00230,U,2026-05-03 17:40:00,2026-05-03 17:41:00,wl_0200,child_009,psico,2026-05-29,2026-07-13,12,validated
evt_wl_00231,I,2026-05-03 17:42:00,2026-05-03 17:43:00,wl_0201,child_065,fono,2026-06-09,2026-06-29,20,validated
evt_wl_00232,I,2026-05-03 17:44:00,2026-05-03 17:45:00,wl_0202,child_059,aba,2026-05-04,2026-07-03,8,validated
evt_wl_00233,I,2026-05-03 17:46:00,2026-05-03 17:47:00,wl_0203,child_014,psico,2026-05-29,2026-06-18,2,validated
evt_wl_00234,I,2026-05-03 17:48:00,2026-05-03 17:49:00,wl_0204,child_019,aba,2026-05-09,2026-06-23,15,validated
evt_wl_00235,I,2026-05-03 17:50:00,2026-05-03 17:51:00,wl_0205,child_071,to,2026-05-25,2026-07-09,10,validated
evt_wl_00236,I,2026-05-03 17:52:00,2026-05-03 17:53:00,wl_0206,child_056,aba,2026-05-08,2026-06-07,8,validated
evt_wl_00237,I,2026-05-03 17:54:00,2026-05-03 17:55:00,wl_0207,child_030,psico,2026-05-22,2026-07-21,8,validated
evt_wl_00238,I,2026-05-03 17:56:00,2026-05-03 17:57:00,wl_0208,child_013,to,2026-05-28,2026-07-12,20,validated
evt_wl_00239,U,2026-05-03 17:58:00,2026-05-03 17:59:00,wl_0208,child_013,to,2026-05-28,2026-07-12,20,draft
evt_wl_00240,I,2026-05-03 18:00:00,2026-05-03 18:01:00,wl_0209,child_061,aba,2026-05-06,2026-05-26,2,validated
evt_wl_00241,I,2026-05-03 18:02:00,2026-05-03 18:03:00,wl_0210,child_048,fono,2026-06-05,2026-06-25,15,cancelled
evt_wl_00242,I,2026-05-03 18:04:00,2026-05-03 18:05:00,wl_0211,child_072,to,2026-05-08,2026-07-07,6,cancelled
evt_wl_00243,I,2026-05-03 18:06:00,2026-05-03 18:07:00,wl_0212,child_055,aba,2026-05-19,2026-07-03,6,draft
evt_wl_00244,I,2026-05-03 18:08:00,2026-05-03 18:09:00,wl_0213,child_065,fono,2026-05-10,2026-07-09,4,validated
evt_wl_00245,I,2026-05-03 18:10:00,2026-05-03 18:11:00,wl_0214,child_045,psicoped,2026-05-24,2026-06-13,5,validated
evt_wl_00246,I,2026-05-03 18:12:00,2026-05-03 18:13:00,wl_0215,child_055,psicoped,2026-06-09,2026-06-29,15,cancelled
evt_wl_00247,I,2026-05-03 18:14:00,2026-05-03 18:15:00,wl_0216,child_035,aba,2026-05-12,2026-06-26,5,cancelled
evt_wl_00248,U,2026-05-03 18:16:00,2026-05-03 18:17:00,wl_0216,child_035,aba,2026-05-12,2026-06-26,5,validated
evt_wl_00249,I,2026-05-03 18:18:00,2026-05-03 18:19:00,wl_0217,child_001,fono,2026-05-10,2026-07-09,2,draft
evt_wl_00250,I,2026-05-03 18:20:00,2026-05-03 18:21:00,wl_0218,child_004,aba,2026-06-03,2026-07-03,8,validated
evt_wl_00251,I,2026-05-03 18:22:00,2026-05-03 18:23:00,wl_0219,child_044,fono,2026-05-24,2026-07-08,6,validated
evt_wl_00252,I,2026-05-03 18:24:00,2026-05-03 18:25:00,wl_0220,child_073,psicoped,2026-05-06,2026-05-26,3,draft
evt_wl_00253,I,2026-05-03 18:26:00,2026-05-03 18:27:00,wl_0221,child_080,aba,2026-05-06,2026-06-20,10,validated
evt_wl_00254,I,2026-05-03 18:28:00,2026-05-03 18:29:00,wl_0222,child_063,psicoped,2026-05-29,2026-07-28,5,validated
evt_wl_00255,D,2026-05-03 18:30:00,2026-05-03 18:31:00,wl_0222,child_063,psicoped,2026-05-29,2026-07-28,5,cancelled
evt_wl_00256,I,2026-05-03 18:32:00,2026-05-03 18:33:00,wl_0223,child_066,aba,2026-05-23,2026-07-22,2,validated
evt_wl_00257,I,2026-05-03 18:34:00,2026-05-03 18:35:00,wl_0224,child_076,psico,2026-06-03,2026-07-18,1,validated
evt_wl_00258,U,2026-05-03 18:36:00,2026-05-03 18:37:00,wl_0224,child_076,psico,2026-06-03,2026-07-18,1,cancelled
evt_wl_00259,I,2026-05-03 18:38:00,2026-05-03 18:39:00,wl_0225,child_008,aba,2026-05-14,2026-06-28,4,validated
evt_wl_00260,I,2026-05-03 18:40:00,2026-05-03 18:41:00,wl_0226,child_033,to,2026-05-21,2026-06-10,1,validated
evt_wl_00261,I,2026-05-03 18:42:00,2026-05-03 18:43:00,wl_0227,child_056,fono,2026-05-09,2026-07-08,12,validated
evt_wl_00262,I,2026-05-03 18:44:00,2026-05-03 18:45:00,wl_0228,child_065,psicoped,2026-05-23,2026-06-12,8,cancelled
evt_wl_00263,I,2026-05-03 18:46:00,2026-05-03 18:47:00,wl_0229,child_006,psico,2026-05-02,2026-07-01,2,cancelled
evt_wl_00264,I,2026-05-03 18:48:00,2026-05-03 18:49:00,wl_0230,child_074,psico,2026-06-06,2026-08-05,20,validated
evt_wl_00265,I,2026-05-03 18:50:00,2026-05-03 18:51:00,wl_0231,child_015,psico,2026-05-02,2026-06-16,3,validated
evt_wl_00266,I,2026-05-03 18:52:00,2026-05-03 18:53:00,wl_0232,child_080,psico,2026-05-24,2026-06-13,8,validated
evt_wl_00267,U,2026-05-03 18:54:00,2026-05-03 18:55:00,wl_0232,child_080,psico,2026-05-24,2026-06-13,8,draft
evt_wl_00268,I,2026-05-03 18:56:00,2026-05-03 18:57:00,wl_0233,child_056,psicoped,2026-05-26,2026-06-15,8,cancelled
evt_wl_00269,I,2026-05-03 18:58:00,2026-05-03 18:59:00,wl_0234,child_044,fono,2026-05-22,2026-06-21,2,validated
evt_wl_00270,I,2026-05-03 19:00:00,2026-05-03 19:01:00,wl_0235,child_015,psicoped,2026-06-02,2026-07-02,6,validated
evt_wl_00271,I,2026-05-03 19:02:00,2026-05-03 19:03:00,wl_0236,child_019,fono,2026-05-07,2026-06-06,5,draft
evt_wl_00272,I,2026-05-03 19:04:00,2026-05-03 19:05:00,wl_0237,child_078,fono,2026-05-05,2026-06-04,20,validated
evt_wl_00273,I,2026-05-03 19:06:00,2026-05-03 19:07:00,wl_0238,child_073,psicoped,2026-05-29,2026-07-13,20,validated
evt_wl_00274,I,2026-05-03 19:08:00,2026-05-03 19:09:00,wl_0239,child_057,aba,2026-05-31,2026-07-30,20,validated
evt_wl_00275,I,2026-05-03 19:10:00,2026-05-03 19:11:00,wl_0240,child_036,psicoped,2026-05-04,2026-06-18,12,draft
evt_wl_00276,U,2026-05-03 19:12:00,2026-05-03 19:13:00,wl_0240,child_036,psicoped,2026-05-04,2026-06-18,12,validated
evt_wl_00277,I,2026-05-03 19:14:00,2026-05-03 19:15:00,wl_0241,child_058,aba,2026-05-04,2026-06-18,5,draft
evt_wl_00278,I,2026-05-03 19:16:00,2026-05-03 19:17:00,wl_0242,child_012,psicoped,2026-06-08,2026-08-07,10,validated
evt_wl_00279,I,2026-05-03 19:18:00,2026-05-03 19:19:00,wl_0243,child_006,psico,2026-06-06,2026-07-06,6,validated
evt_wl_00280,I,2026-05-03 19:20:00,2026-05-03 19:21:00,wl_0244,child_065,fono,2026-05-04,2026-07-03,2,validated
evt_wl_00281,I,2026-05-03 19:22:00,2026-05-03 19:23:00,wl_0245,child_044,aba,2026-06-02,2026-07-02,1,validated
evt_wl_00282,I,2026-05-03 19:24:00,2026-05-03 19:25:00,wl_0246,child_057,psico,2026-06-03,2026-07-03,6,validated
evt_wl_00283,I,2026-05-03 19:26:00,2026-05-03 19:27:00,wl_0247,child_037,psico,2026-05-27,2026-07-11,20,validated
evt_wl_00284,I,2026-05-03 19:28:00,2026-05-03 19:29:00,wl_0248,child_043,aba,2026-05-22,2026-06-11,12,validated
evt_wl_00285,U,2026-05-03 19:30:00,2026-05-03 19:31:00,wl_0248,child_043,aba,2026-05-22,2026-06-11,12,validated
evt_wl_00286,I,2026-05-03 19:32:00,2026-05-03 19:33:00,wl_0249,child_033,psicoped,2026-05-10,2026-06-24,2,validated
evt_wl_00287,I,2026-05-03 19:34:00,2026-05-03 19:35:00,wl_0250,child_019,to,2026-05-20,2026-07-19,3,validated
evt_wl_00288,I,2026-05-03 19:36:00,2026-05-03 19:37:00,wl_0251,child_011,to,2026-06-05,2026-08-04,20,validated
evt_wl_00289,I,2026-05-03 19:38:00,2026-05-03 19:39:00,wl_0252,child_017,psicoped,2026-05-06,2026-07-05,12,validated
evt_wl_00290,I,2026-05-03 19:40:00,2026-05-03 19:41:00,wl_0253,child_047,to,2026-05-12,2026-06-11,6,cancelled
evt_wl_00291,I,2026-05-03 19:42:00,2026-05-03 19:43:00,wl_0254,child_063,fono,2026-05-15,2026-06-14,3,draft
evt_wl_00292,I,2026-05-03 19:44:00,2026-05-03 19:45:00,wl_0255,child_013,psicoped,2026-06-04,2026-06-24,20,validated
evt_wl_00293,I,2026-05-03 19:46:00,2026-05-03 19:47:00,wl_0256,child_080,fono,2026-06-08,2026-08-07,3,draft
evt_wl_00294,U,2026-05-03 19:48:00,2026-05-03 19:49:00,wl_0256,child_080,fono,2026-06-08,2026-08-07,3,cancelled
evt_wl_00295,I,2026-05-03 19:50:00,2026-05-03 19:51:00,wl_0257,child_080,fono,2026-05-29,2026-06-18,8,validated
evt_wl_00296,I,2026-05-03 19:52:00,2026-05-03 19:53:00,wl_0258,child_031,psico,2026-06-09,2026-07-24,10,validated
evt_wl_00297,I,2026-05-03 19:54:00,2026-05-03 19:55:00,wl_0259,child_031,to,2026-05-31,2026-06-30,6,validated
evt_wl_00298,D,2026-05-03 19:56:00,2026-05-03 19:57:00,wl_0259,child_031,to,2026-05-31,2026-06-30,6,cancelled
evt_wl_00299,I,2026-05-03 19:58:00,2026-05-03 19:59:00,wl_0260,child_074,psico,2026-05-30,2026-07-14,8,validated
evt_wl_00300,I,2026-05-03 20:00:00,2026-05-03 20:01:00,wl_0261,child_054,fono,2026-05-13,2026-06-12,5,draft
evt_wl_00301,I,2026-05-03 20:02:00,2026-05-03 20:03:00,wl_0262,child_062,to,2026-06-05,2026-06-25,12,cancelled
evt_wl_00302,I,2026-05-03 20:04:00,2026-05-03 20:05:00,wl_0263,child_037,aba,2026-05-11,2026-06-25,10,cancelled
evt_wl_00303,I,2026-05-03 20:06:00,2026-05-03 20:07:00,wl_0264,child_019,psico,2026-05-06,2026-06-05,10,cancelled
evt_wl_00304,U,2026-05-03 20:08:00,2026-05-03 20:09:00,wl_0264,child_019,psico,2026-05-06,2026-06-05,10,draft
evt_wl_00305,I,2026-05-03 20:10:00,2026-05-03 20:11:00,wl_0265,child_054,aba,2026-05-26,2026-07-10,4,validated
evt_wl_00306,I,2026-05-03 20:12:00,2026-05-03 20:13:00,wl_0266,child_011,to,2026-05-15,2026-06-04,6,cancelled
evt_wl_00307,I,2026-05-03 20:14:00,2026-05-03 20:15:00,wl_0267,child_043,fono,2026-05-09,2026-05-29,5,cancelled
evt_wl_00308,I,2026-05-03 20:16:00,2026-05-03 20:17:00,wl_0268,child_061,fono,2026-05-31,2026-07-30,15,draft
evt_wl_00309,I,2026-05-03 20:18:00,2026-05-03 20:19:00,wl_0269,child_011,aba,2026-05-17,2026-06-16,3,validated
evt_wl_00310,I,2026-05-03 20:20:00,2026-05-03 20:21:00,wl_0270,child_078,psicoped,2026-05-28,2026-06-17,5,validated
evt_wl_00311,I,2026-05-03 20:22:00,2026-05-03 20:23:00,wl_0271,child_016,aba,2026-05-16,2026-07-15,20,validated
evt_wl_00312,I,2026-05-03 20:24:00,2026-05-03 20:25:00,wl_0272,child_059,aba,2026-05-08,2026-07-07,15,validated
evt_wl_00313,U,2026-05-03 20:26:00,2026-05-03 20:27:00,wl_0272,child_059,aba,2026-05-08,2026-07-07,15,cancelled
evt_wl_00314,I,2026-05-03 20:28:00,2026-05-03 20:29:00,wl_0273,child_066,psicoped,2026-05-16,2026-06-15,5,validated
evt_wl_00315,I,2026-05-03 20:30:00,2026-05-03 20:31:00,wl_0274,child_079,to,2026-05-16,2026-07-15,3,validated
evt_wl_00316,I,2026-05-03 20:32:00,2026-05-03 20:33:00,wl_0275,child_011,psicoped,2026-05-24,2026-06-13,12,validated
evt_wl_00317,I,2026-05-03 20:34:00,2026-05-03 20:35:00,wl_0276,child_065,psicoped,2026-05-02,2026-07-01,10,draft
evt_wl_00318,I,2026-05-03 20:36:00,2026-05-03 20:37:00,wl_0277,child_050,to,2026-05-17,2026-06-06,6,validated
evt_wl_00319,I,2026-05-03 20:38:00,2026-05-03 20:39:00,wl_0278,child_045,fono,2026-06-10,2026-06-30,15,validated
evt_wl_00320,I,2026-05-03 20:40:00,2026-05-03 20:41:00,wl_0279,child_043,fono,2026-05-03,2026-06-17,12,validated
evt_wl_00321,I,2026-05-03 20:42:00,2026-05-03 20:43:00,wl_0280,child_023,psico,2026-05-31,2026-06-30,3,draft
evt_wl_00322,U,2026-05-03 20:44:00,2026-05-03 20:45:00,wl_0280,child_023,psico,2026-05-31,2026-06-30,3,validated
evt_wl_00323,I,2026-05-03 20:46:00,2026-05-03 20:47:00,wl_0281,child_005,to,2026-05-13,2026-06-02,4,cancelled
evt_wl_00324,I,2026-05-03 20:48:00,2026-05-03 20:49:00,wl_0282,child_041,to,2026-06-02,2026-08-01,12,validated
evt_wl_00325,I,2026-05-03 20:50:00,2026-05-03 20:51:00,wl_0283,child_005,fono,2026-05-19,2026-07-03,1,cancelled
evt_wl_00326,I,2026-05-03 20:52:00,2026-05-03 20:53:00,wl_0284,child_043,to,2026-05-08,2026-06-22,8,cancelled
evt_wl_00327,I,2026-05-03 20:54:00,2026-05-03 20:55:00,wl_0285,child_057,psico,2026-05-22,2026-06-21,10,validated
evt_wl_00328,I,2026-05-03 20:56:00,2026-05-03 20:57:00,wl_0286,child_048,psicoped,2026-05-18,2026-06-07,8,draft
evt_wl_00329,I,2026-05-03 20:58:00,2026-05-03 20:59:00,wl_0287,child_078,fono,2026-06-04,2026-07-19,6,draft
evt_wl_00330,I,2026-05-03 21:00:00,2026-05-03 21:01:00,wl_0288,child_042,to,2026-05-20,2026-07-19,15,validated
evt_wl_00331,U,2026-05-03 21:02:00,2026-05-03 21:03:00,wl_0288,child_042,to,2026-05-20,2026-07-19,15,draft
evt_wl_00332,I,2026-05-03 21:04:00,2026-05-03 21:05:00,wl_0289,child_057,to,2026-05-29,2026-06-18,6,validated
evt_wl_00333,I,2026-05-03 21:06:00,2026-05-03 21:07:00,wl_0290,child_056,to,2026-06-10,2026-06-30,2,validated
evt_wl_00334,I,2026-05-03 21:08:00,2026-05-03 21:09:00,wl_0291,child_052,to,2026-06-02,2026-07-02,1,draft
evt_wl_00335,I,2026-05-03 21:10:00,2026-05-03 21:11:00,wl_0292,child_078,psico,2026-05-03,2026-06-02,2,validated
evt_wl_00336,I,2026-05-03 21:12:00,2026-05-03 21:13:00,wl_0293,child_047,to,2026-05-25,2026-06-14,15,draft
evt_wl_00337,I,2026-05-03 21:14:00,2026-05-03 21:15:00,wl_0294,child_058,to,2026-05-24,2026-07-23,2,validated
evt_wl_00338,I,2026-05-03 21:16:00,2026-05-03 21:17:00,wl_0295,child_068,to,2026-05-26,2026-07-10,20,validated
evt_wl_00339,I,2026-05-03 21:18:00,2026-05-03 21:19:00,wl_0296,child_015,aba,2026-05-12,2026-07-11,12,validated
evt_wl_00340,U,2026-05-03 21:20:00,2026-05-03 21:21:00,wl_0296,child_015,aba,2026-05-12,2026-07-11,12,cancelled
evt_wl_00341,D,2026-05-03 21:22:00,2026-05-03 21:23:00,wl_0296,child_015,aba,2026-05-12,2026-07-11,12,cancelled
evt_wl_00342,I,2026-05-03 21:24:00,2026-05-03 21:25:00,wl_0297,child_016,to,2026-05-17,2026-07-16,4,cancelled
evt_wl_00343,I,2026-05-03 21:26:00,2026-05-03 21:27:00,wl_0298,child_037,psico,2026-05-13,2026-06-02,3,cancelled
evt_wl_00344,I,2026-05-03 21:28:00,2026-05-03 21:29:00,wl_0299,child_058,fono,2026-05-29,2026-06-18,20,cancelled
evt_wl_00345,I,2026-05-03 21:30:00,2026-05-03 21:31:00,wl_0300,child_041,to,2026-05-05,2026-06-19,5,cancelled
evt_wl_00346,I,2026-05-03 21:32:00,2026-05-03 21:33:00,wl_0301,child_023,to,2026-06-02,2026-07-02,2,cancelled
evt_wl_00347,I,2026-05-03 21:34:00,2026-05-03 21:35:00,wl_0302,child_018,fono,2026-06-01,2026-06-21,6,validated
evt_wl_00348,I,2026-05-03 21:36:00,2026-05-03 21:37:00,wl_0303,child_048,psico,2026-06-05,2026-07-05,15,cancelled
evt_wl_00349,I,2026-05-03 21:38:00,2026-05-03 21:39:00,wl_0304,child_009,to,2026-05-26,2026-07-25,12,validated
evt_wl_00350,U,2026-05-03 21:40:00,2026-05-03 21:41:00,wl_0304,child_009,to,2026-05-26,2026-07-25,12,validated
evt_wl_00351,I,2026-05-03 21:42:00,2026-05-03 21:43:00,wl_0305,child_074,aba,2026-05-09,2026-06-23,20,draft
evt_wl_00352,I,2026-05-03 21:44:00,2026-05-03 21:45:00,wl_0306,child_060,psicoped,2026-05-23,2026-06-22,12,validated
evt_wl_00353,I,2026-05-03 21:46:00,2026-05-03 21:47:00,wl_0307,child_024,fono,2026-05-28,2026-06-17,2,validated
evt_wl_00354,I,2026-05-03 21:48:00,2026-05-03 21:49:00,wl_0308,child_039,fono,2026-05-11,2026-06-25,4,validated
evt_wl_00355,I,2026-05-03 21:50:00,2026-05-03 21:51:00,wl_0309,child_067,to,2026-05-06,2026-06-20,4,validated
evt_wl_00356,I,2026-05-03 21:52:00,2026-05-03 21:53:00,wl_0310,child_071,to,2026-05-09,2026-06-23,15,validated
evt_wl_00357,I,2026-05-03 21:54:00,2026-05-03 21:55:00,wl_0311,child_065,fono,2026-06-07,2026-07-07,3,validated
evt_wl_00358,I,2026-05-03 21:56:00,2026-05-03 21:57:00,wl_0312,child_078,to,2026-06-06,2026-06-26,1,draft
evt_wl_00359,U,2026-05-03 21:58:00,2026-05-03 21:59:00,wl_0312,child_078,to,2026-06-06,2026-06-26,1,cancelled
evt_wl_00360,I,2026-05-03 22:00:00,2026-05-03 22:01:00,wl_0313,child_074,to,2026-05-14,2026-07-13,15,validated
evt_wl_00361,I,2026-05-03 22:02:00,2026-05-03 22:03:00,wl_0314,child_064,psicoped,2026-05-19,2026-07-03,10,validated
evt_wl_00362,I,2026-05-03 22:04:00,2026-05-03 22:05:00,wl_0315,child_052,to,2026-05-30,2026-06-19,1,draft
evt_wl_00363,I,2026-05-03 22:06:00,2026-05-03 22:07:00,wl_0316,child_054,psico,2026-05-30,2026-06-29,6,validated
evt_wl_00364,I,2026-05-03 22:08:00,2026-05-03 22:09:00,wl_0317,child_041,to,2026-05-23,2026-07-22,3,validated
evt_wl_00365,I,2026-05-03 22:10:00,2026-05-03 22:11:00,wl_0318,child_066,psicoped,2026-05-07,2026-06-21,4,validated
evt_wl_00366,I,2026-05-03 22:12:00,2026-05-03 22:13:00,wl_0319,child_035,psico,2026-05-16,2026-06-15,2,draft
evt_wl_00367,I,2026-05-03 22:14:00,2026-05-03 22:15:00,wl_0320,child_050,psicoped,2026-05-27,2026-06-26,3,validated
evt_wl_00368,U,2026-05-03 22:16:00,2026-05-03 22:17:00,wl_0320,child_050,psicoped,2026-05-27,2026-06-26,3,cancelled
evt_wl_00369,I,2026-05-03 22:18:00,2026-05-03 22:19:00,wl_0321,child_041,fono,2026-05-11,2026-07-10,12,validated
evt_wl_00370,I,2026-05-03 22:20:00,2026-05-03 22:21:00,wl_0322,child_040,psico,2026-05-02,2026-05-22,8,validated
evt_wl_00371,I,2026-05-03 22:22:00,2026-05-03 22:23:00,wl_0323,child_031,fono,2026-06-07,2026-07-22,1,draft
evt_wl_00372,I,2026-05-03 22:24:00,2026-05-03 22:25:00,wl_0324,child_064,psicoped,2026-05-31,2026-07-15,12,draft
evt_wl_00373,I,2026-05-03 22:26:00,2026-05-03 22:27:00,wl_0325,child_014,psico,2026-05-09,2026-06-23,6,validated
evt_wl_00374,I,2026-05-03 22:28:00,2026-05-03 22:29:00,wl_0326,child_047,aba,2026-05-26,2026-06-15,15,validated
evt_wl_00375,I,2026-05-03 22:30:00,2026-05-03 22:31:00,wl_0327,child_047,psicoped,2026-05-19,2026-06-08,8,validated
evt_wl_00376,I,2026-05-03 22:32:00,2026-05-03 22:33:00,wl_0328,child_071,to,2026-06-09,2026-06-29,3,cancelled
evt_wl_00377,U,2026-05-03 22:34:00,2026-05-03 22:35:00,wl_0328,child_071,to,2026-06-09,2026-06-29,3,validated
evt_wl_00378,I,2026-05-03 22:36:00,2026-05-03 22:37:00,wl_0329,child_048,to,2026-06-05,2026-07-20,3,draft
evt_wl_00379,I,2026-05-03 22:38:00,2026-05-03 22:39:00,wl_0330,child_066,psico,2026-06-02,2026-06-22,1,draft
evt_wl_00380,I,2026-05-03 22:40:00,2026-05-03 22:41:00,wl_0331,child_043,psico,2026-06-03,2026-08-02,3,validated
evt_wl_00381,I,2026-05-03 22:42:00,2026-05-03 22:43:00,wl_0332,child_066,fono,2026-05-21,2026-07-05,3,validated
evt_wl_00382,I,2026-05-03 22:44:00,2026-05-03 22:45:00,wl_0333,child_079,to,2026-06-07,2026-07-22,12,validated
evt_wl_00383,D,2026-05-03 22:46:00,2026-05-03 22:47:00,wl_0333,child_079,to,2026-06-07,2026-07-22,12,cancelled
evt_wl_00384,I,2026-05-03 22:48:00,2026-05-03 22:49:00,wl_0334,child_069,psico,2026-06-06,2026-07-21,10,validated
evt_wl_00385,I,2026-05-03 22:50:00,2026-05-03 22:51:00,wl_0335,child_048,to,2026-05-08,2026-07-07,15,validated
evt_wl_00386,I,2026-05-03 22:52:00,2026-05-03 22:53:00,wl_0336,child_004,psicoped,2026-05-31,2026-07-15,20,validated
evt_wl_00387,U,2026-05-03 22:54:00,2026-05-03 22:55:00,wl_0336,child_004,psicoped,2026-05-31,2026-07-15,20,cancelled
evt_wl_00388,I,2026-05-03 22:56:00,2026-05-03 22:57:00,wl_0337,child_074,fono,2026-05-04,2026-07-03,3,validated
evt_wl_00389,I,2026-05-03 22:58:00,2026-05-03 22:59:00,wl_0338,child_080,psico,2026-05-10,2026-06-09,1,validated
evt_wl_00390,I,2026-05-03 23:00:00,2026-05-03 23:01:00,wl_0339,child_015,fono,2026-05-02,2026-07-01,6,validated
evt_wl_00391,I,2026-05-03 23:02:00,2026-05-03 23:03:00,wl_0340,child_053,fono,2026-05-27,2026-07-26,1,validated
evt_wl_00392,I,2026-05-03 23:04:00,2026-05-03 23:05:00,wl_0341,child_067,fono,2026-06-05,2026-07-20,20,validated
evt_wl_00393,I,2026-05-03 23:06:00,2026-05-03 23:07:00,wl_0342,child_049,to,2026-05-12,2026-07-11,12,validated
evt_wl_00394,I,2026-05-03 23:08:00,2026-05-03 23:09:00,wl_0343,child_046,to,2026-06-09,2026-08-08,4,cancelled
evt_wl_00395,I,2026-05-03 23:10:00,2026-05-03 23:11:00,wl_0344,child_036,psicoped,2026-05-20,2026-06-19,5,validated
evt_wl_00396,U,2026-05-03 23:12:00,2026-05-03 23:13:00,wl_0344,child_036,psicoped,2026-05-20,2026-06-19,5,cancelled
evt_wl_00397,I,2026-05-03 23:14:00,2026-05-03 23:15:00,wl_0345,child_027,psico,2026-05-21,2026-07-20,6,validated
evt_wl_00398,I,2026-05-03 23:16:00,2026-05-03 23:17:00,wl_0346,child_036,to,2026-05-08,2026-07-07,8,validated
evt_wl_00399,I,2026-05-03 23:18:00,2026-05-03 23:19:00,wl_0347,child_019,to,2026-05-03,2026-06-17,2,validated
evt_wl_00400,I,2026-05-03 23:20:00,2026-05-03 23:21:00,wl_0348,child_057,to,2026-05-31,2026-06-30,4,validated
evt_wl_00401,I,2026-05-03 23:22:00,2026-05-03 23:23:00,wl_0349,child_035,psicoped,2026-05-18,2026-06-17,2,validated
evt_wl_00402,I,2026-05-03 23:24:00,2026-05-03 23:25:00,wl_0350,child_076,fono,2026-05-16,2026-06-05,20,cancelled
evt_wl_00403,I,2026-05-03 23:26:00,2026-05-03 23:27:00,wl_0351,child_029,fono,2026-05-04,2026-05-24,8,validated
evt_wl_00404,I,2026-05-03 23:28:00,2026-05-03 23:29:00,wl_0352,child_061,aba,2026-05-09,2026-05-29,12,cancelled
evt_wl_00405,U,2026-05-03 23:30:00,2026-05-03 23:31:00,wl_0352,child_061,aba,2026-05-09,2026-05-29,12,draft
evt_wl_00406,I,2026-05-03 23:32:00,2026-05-03 23:33:00,wl_0353,child_053,psico,2026-05-31,2026-06-30,5,validated
evt_wl_00407,I,2026-05-03 23:34:00,2026-05-03 23:35:00,wl_0354,child_008,aba,2026-06-06,2026-07-06,12,validated
evt_wl_00408,I,2026-05-03 23:36:00,2026-05-03 23:37:00,wl_0355,child_005,fono,2026-05-27,2026-06-26,1,cancelled
evt_wl_00409,I,2026-05-03 23:38:00,2026-05-03 23:39:00,wl_0356,child_051,psico,2026-05-12,2026-06-26,1,draft
evt_wl_00410,I,2026-05-03 23:40:00,2026-05-03 23:41:00,wl_0357,child_073,psicoped,2026-05-07,2026-06-21,5,validated
evt_wl_00411,I,2026-05-03 23:42:00,2026-05-03 23:43:00,wl_0358,child_070,psicoped,2026-06-01,2026-07-01,12,validated
evt_wl_00412,I,2026-05-03 23:44:00,2026-05-03 23:45:00,wl_0359,child_025,aba,2026-05-22,2026-06-21,10,validated
evt_wl_00413,I,2026-05-03 23:46:00,2026-05-03 23:47:00,wl_0360,child_024,aba,2026-05-22,2026-07-06,15,validated
evt_wl_00414,U,2026-05-03 23:48:00,2026-05-03 23:49:00,wl_0360,child_024,aba,2026-05-22,2026-07-06,15,draft
evt_wl_00415,I,2026-05-03 23:50:00,2026-05-03 23:51:00,wl_0361,child_023,psicoped,2026-06-10,2026-08-09,8,validated
evt_wl_00416,I,2026-05-03 23:52:00,2026-05-03 23:53:00,wl_0362,child_012,psico,2026-05-07,2026-06-06,3,validated
evt_wl_00417,I,2026-05-03 23:54:00,2026-05-03 23:55:00,wl_0363,child_032,aba,2026-05-17,2026-07-16,4,validated
evt_wl_00418,I,2026-05-03 23:56:00,2026-05-03 23:57:00,wl_0364,child_035,to,2026-05-20,2026-06-09,5,validated
evt_wl_00419,I,2026-05-03 23:58:00,2026-05-03 23:59:00,wl_0365,child_031,aba,2026-05-08,2026-07-07,5,draft
evt_wl_00420,I,2026-05-04 00:00:00,2026-05-04 00:01:00,wl_0366,child_065,to,2026-05-08,2026-06-22,6,validated
evt_wl_00421,I,2026-05-04 00:02:00,2026-05-04 00:03:00,wl_0367,child_029,fono,2026-05-31,2026-06-30,10,validated
evt_wl_00422,I,2026-05-04 00:04:00,2026-05-04 00:05:00,wl_0368,child_078,to,2026-05-27,2026-07-26,12,validated
evt_wl_00423,U,2026-05-04 00:06:00,2026-05-04 00:07:00,wl_0368,child_078,to,2026-05-27,2026-07-26,12,draft
evt_wl_00424,I,2026-05-04 00:08:00,2026-05-04 00:09:00,wl_0369,child_032,psicoped,2026-05-06,2026-07-05,12,validated
evt_wl_00425,I,2026-05-04 00:10:00,2026-05-04 00:11:00,wl_0370,child_010,psicoped,2026-05-08,2026-05-28,12,cancelled
evt_wl_00426,D,2026-05-04 00:12:00,2026-05-04 00:13:00,wl_0370,child_010,psicoped,2026-05-08,2026-05-28,12,cancelled
evt_wl_00427,I,2026-05-04 00:14:00,2026-05-04 00:15:00,wl_0371,child_026,psicoped,2026-06-04,2026-07-04,3,validated
evt_wl_00428,I,2026-05-04 00:16:00,2026-05-04 00:17:00,wl_0372,child_067,psico,2026-05-08,2026-06-07,15,validated
evt_wl_00429,I,2026-05-04 00:18:00,2026-05-04 00:19:00,wl_0373,child_066,psico,2026-05-04,2026-07-03,3,validated
evt_wl_00430,I,2026-05-04 00:20:00,2026-05-04 00:21:00,wl_0374,child_059,psicoped,2026-05-04,2026-07-03,20,validated
evt_wl_00431,I,2026-05-04 00:22:00,2026-05-04 00:23:00,wl_0375,child_003,psico,2026-05-17,2026-06-06,4,validated
evt_wl_00432,I,2026-05-04 00:24:00,2026-05-04 00:25:00,wl_0376,child_006,psico,2026-05-23,2026-06-12,12,cancelled
evt_wl_00433,U,2026-05-04 00:26:00,2026-05-04 00:27:00,wl_0376,child_006,psico,2026-05-23,2026-06-12,12,draft
evt_wl_00434,I,2026-05-04 00:28:00,2026-05-04 00:29:00,wl_0377,child_061,aba,2026-05-19,2026-07-18,3,validated
evt_wl_00435,I,2026-05-04 00:30:00,2026-05-04 00:31:00,wl_0378,child_054,to,2026-05-25,2026-07-24,8,validated
evt_wl_00436,I,2026-05-04 00:32:00,2026-05-04 00:33:00,wl_0379,child_070,fono,2026-05-23,2026-06-12,3,cancelled
evt_wl_00437,I,2026-05-04 00:34:00,2026-05-04 00:35:00,wl_0380,child_051,psicoped,2026-05-09,2026-06-08,1,validated
evt_wl_00438,I,2026-05-04 00:36:00,2026-05-04 00:37:00,wl_0381,child_039,psico,2026-06-04,2026-08-03,12,validated
evt_wl_00439,I,2026-05-04 00:38:00,2026-05-04 00:39:00,wl_0382,child_030,fono,2026-05-30,2026-07-14,3,validated
evt_wl_00440,I,2026-05-04 00:40:00,2026-05-04 00:41:00,wl_0383,child_015,aba,2026-05-27,2026-06-16,4,validated
evt_wl_00441,I,2026-05-04 00:42:00,2026-05-04 00:43:00,wl_0384,child_013,psicoped,2026-05-03,2026-07-02,15,validated
evt_wl_00442,U,2026-05-04 00:44:00,2026-05-04 00:45:00,wl_0384,child_013,psicoped,2026-05-03,2026-07-02,15,draft
evt_wl_00443,I,2026-05-04 00:46:00,2026-05-04 00:47:00,wl_0385,child_032,aba,2026-05-26,2026-07-25,4,validated
evt_wl_00444,I,2026-05-04 00:48:00,2026-05-04 00:49:00,wl_0386,child_008,fono,2026-06-02,2026-07-17,4,validated
evt_wl_00445,I,2026-05-04 00:50:00,2026-05-04 00:51:00,wl_0387,child_074,to,2026-06-06,2026-07-21,4,validated
evt_wl_00446,I,2026-05-04 00:52:00,2026-05-04 00:53:00,wl_0388,child_019,psicoped,2026-05-15,2026-07-14,5,validated
evt_wl_00447,I,2026-05-04 00:54:00,2026-05-04 00:55:00,wl_0389,child_072,psicoped,2026-05-12,2026-07-11,12,validated
evt_wl_00448,I,2026-05-04 00:56:00,2026-05-04 00:57:00,wl_0390,child_045,psico,2026-06-03,2026-07-18,8,validated
evt_wl_00449,I,2026-05-04 00:58:00,2026-05-04 00:59:00,wl_0391,child_039,psico,2026-05-12,2026-07-11,4,validated
evt_wl_00450,I,2026-05-04 01:00:00,2026-05-04 01:01:00,wl_0392,child_039,fono,2026-05-30,2026-06-19,12,validated
evt_wl_00451,U,2026-05-04 01:02:00,2026-05-04 01:03:00,wl_0392,child_039,fono,2026-05-30,2026-06-19,12,validated
evt_wl_00452,I,2026-05-04 01:04:00,2026-05-04 01:05:00,wl_0393,child_072,psicoped,2026-05-09,2026-07-08,4,validated
evt_wl_00453,I,2026-05-04 01:06:00,2026-05-04 01:07:00,wl_0394,child_043,aba,2026-05-29,2026-07-13,2,validated
evt_wl_00454,I,2026-05-04 01:08:00,2026-05-04 01:09:00,wl_0395,child_025,aba,2026-05-18,2026-07-17,20,validated
evt_wl_00455,I,2026-05-04 01:10:00,2026-05-04 01:11:00,wl_0396,child_006,aba,2026-05-13,2026-06-12,10,validated
evt_wl_00456,I,2026-05-04 01:12:00,2026-05-04 01:13:00,wl_0397,child_043,to,2026-05-01,2026-05-31,4,cancelled
evt_wl_00457,I,2026-05-04 01:14:00,2026-05-04 01:15:00,wl_0398,child_016,psico,2026-05-16,2026-06-15,8,cancelled
evt_wl_00458,I,2026-05-04 01:16:00,2026-05-04 01:17:00,wl_0399,child_071,to,2026-05-19,2026-07-18,10,validated
evt_wl_00459,I,2026-05-04 01:18:00,2026-05-04 01:19:00,wl_0400,child_046,to,2026-05-17,2026-07-01,12,cancelled
evt_wl_00460,U,2026-05-04 01:20:00,2026-05-04 01:21:00,wl_0400,child_046,to,2026-05-17,2026-07-01,12,validated
evt_wl_00461,I,2026-05-04 01:22:00,2026-05-04 01:23:00,wl_0401,child_013,psico,2026-05-21,2026-06-20,6,validated
evt_wl_00462,I,2026-05-04 01:24:00,2026-05-04 01:25:00,wl_0402,child_006,psicoped,2026-05-15,2026-06-14,1,validated
evt_wl_00463,I,2026-05-04 01:26:00,2026-05-04 01:27:00,wl_0403,child_075,psicoped,2026-05-27,2026-07-11,3,draft
evt_wl_00464,I,2026-05-04 01:28:00,2026-05-04 01:29:00,wl_0404,child_030,psico,2026-06-06,2026-07-06,10,validated
evt_wl_00465,I,2026-05-04 01:30:00,2026-05-04 01:31:00,wl_0405,child_044,to,2026-06-01,2026-07-31,10,draft
evt_wl_00466,I,2026-05-04 01:32:00,2026-05-04 01:33:00,wl_0406,child_046,fono,2026-05-09,2026-07-08,3,cancelled
evt_wl_00467,I,2026-05-04 01:34:00,2026-05-04 01:35:00,wl_0407,child_070,aba,2026-06-03,2026-06-23,2,cancelled
evt_wl_00468,D,2026-05-04 01:36:00,2026-05-04 01:37:00,wl_0407,child_070,aba,2026-06-03,2026-06-23,2,cancelled
evt_wl_00469,I,2026-05-04 01:38:00,2026-05-04 01:39:00,wl_0408,child_007,aba,2026-05-27,2026-06-26,20,validated
evt_wl_00470,U,2026-05-04 01:40:00,2026-05-04 01:41:00,wl_0408,child_007,aba,2026-05-27,2026-06-26,20,cancelled
evt_wl_00471,I,2026-05-04 01:42:00,2026-05-04 01:43:00,wl_0409,child_020,aba,2026-05-14,2026-07-13,6,draft
evt_wl_00472,I,2026-05-04 01:44:00,2026-05-04 01:45:00,wl_0410,child_079,psico,2026-06-01,2026-06-21,1,validated
evt_wl_00473,I,2026-05-04 01:46:00,2026-05-04 01:47:00,wl_0411,child_053,aba,2026-05-02,2026-06-16,12,cancelled
evt_wl_00474,I,2026-05-04 01:48:00,2026-05-04 01:49:00,wl_0412,child_003,psicoped,2026-05-28,2026-06-27,2,cancelled
evt_wl_00475,I,2026-05-04 01:50:00,2026-05-04 01:51:00,wl_0413,child_068,fono,2026-05-16,2026-06-15,15,validated
evt_wl_00476,I,2026-05-04 01:52:00,2026-05-04 01:53:00,wl_0414,child_046,to,2026-05-26,2026-06-15,6,cancelled
evt_wl_00477,I,2026-05-04 01:54:00,2026-05-04 01:55:00,wl_0415,child_059,psicoped,2026-05-16,2026-06-15,5,validated
evt_wl_00478,I,2026-05-04 01:56:00,2026-05-04 01:57:00,wl_0416,child_011,aba,2026-05-06,2026-07-05,8,validated
evt_wl_00479,U,2026-05-04 01:58:00,2026-05-04 01:59:00,wl_0416,child_011,aba,2026-05-06,2026-07-05,8,validated
evt_wl_00480,I,2026-05-04 02:00:00,2026-05-04 02:01:00,wl_0417,child_008,aba,2026-05-11,2026-05-31,10,validated
evt_wl_00481,I,2026-05-04 02:02:00,2026-05-04 02:03:00,wl_0418,child_043,psicoped,2026-05-07,2026-05-27,4,validated
evt_wl_00482,I,2026-05-04 02:04:00,2026-05-04 02:05:00,wl_0419,child_073,psico,2026-05-18,2026-06-07,2,validated
evt_wl_00483,I,2026-05-04 02:06:00,2026-05-04 02:07:00,wl_0420,child_036,psicoped,2026-06-06,2026-06-26,3,cancelled
